Techstack,Links
"python,machine learning models",https://github.com/Bhoomiml/Heart-Disease-Prediction_ml
power bi,https://github.com/Bhoomiml/Hospital_emergency_Powerbi
SQL queries ,https://github.com/Bhoomiml/MusicStore_DataAnalysis_sql
"predictive analysis, machine learning ",https://github.com/Bhoomiml/weather_boston_ml
"machine learning, python",https://github.com/Bhoomiml/customer_segmentation
"excel, EDA, data visiulisation ",https://github.com/Bhoomiml/data_analysis_excel
"python, regression ",https://github.com/Bhoomiml/Diwali_sales_usingPython-
"time series analysis, EDA, data cleaning",https://github.com/Bhoomiml/Feedgrains_Atlas---TimeSeries_Forecasting-
"tableau, KPI , analysis ",https://github.com/Bhoomiml/sales_dashboard_tableau
